C,A,M,Y
0.1513942111373346,0,0.2110126810420377,0.33856152057274547
0.7425084910129905,1,0.7075171317027804,0.8212840883422196
0.4089578742401942,0,0.4153713056196229,0.32538795236407514
0.439015531931222,0,0.3620092046383889,0.38803154813922264
0.333623907954059,1,0.5170634646377769,0.5890996652636002
0.6695394399887126,1,0.7731756379844714,0.7876298754278982
0.40577319229953474,0,0.4501973765014072,0.41900687116256147
0.28467159156493843,1,0.9023561112381608,0.6448238199329804
0.5938064066009927,0,0.3025583261927494,0.4370211247692901
0.4037439148177593,0,0.11848965160301853,0.17585646663850218
0.5320819172078338,1,0.7757856589651383,0.7857161832527699
0.4283493785915728,1,0.6770952111239649,0.5411129920298583
0.7046903815836939,1,0.8314498357911244,0.7059437635547207
0.6671445752592103,0,0.2583950126546278,0.3354654184455182
0.30681578630842243,1,0.6857320575501722,0.630227380947989
0.7896089153359404,1,0.693381862771752,0.717580942949571
0.29591620528494306,0,0.42085067331462217,0.6597551731907805
0.48204284311203704,0,0.3492576648683756,0.44167330825302004
0.3577225849884419,0,0.3200612540905448,0.4746450191952146
0.3206165934256651,0,0.39924380944667526,0.4246123383599981
0.5098595862458317,0,0.12492541107942667,0.6175254568236911
0.4726453407652725,0,0.15205929673314814,0.34271250694287897
0.39178907281101877,1,0.7588591834435905,0.5934744423254275
0.1423076235230242,0,0.4450570707798287,0.5580453836639017
0.5643196730580469,0,0.36183796995899353,0.39872350862973943
0.34460891695836227,0,0.31317654936569006,0.390966508780865
0.24927185557453993,0,0.3918007015341722,0.34173194758977204
0.3915195029316973,0,0.19050656007933284,0.3469917627998178
0.5281778672102198,0,0.4238846227298766,0.5080121151206463
0.5315615354259675,1,0.7805274781867875,0.7167003783277214
0.3218111869383141,1,0.4791123675200764,0.4513883875045243
0.11371513947526733,0,0.4708575692268103,0.06872884448538355
0.5746043165633299,1,0.6824786867429123,0.47497440494533993
0.4055898628132266,0,0.4931268995548616,0.46596154121166183
0.706503242201169,1,0.6860170329406604,0.8337411463186514
0.5002579650924629,1,0.6122986505957013,0.4789585633684443
0.4456128416708112,1,0.7100612231282053,0.8483993544448674
0.19042169546792223,1,0.8060270733838667,0.48750825034608825
0.4865882255349536,0,0.5357999838355314,0.5471132687689269
0.5236558762066416,1,0.7754503687229272,0.6023577319453539
0.48395786317983724,0,0.5045296087462725,0.37119433327583173
0.3877890673860924,1,0.7607617221673304,0.6118098216309065
0.46314459012506576,1,0.5875434285939137,0.5236327630258799
0.3410755376181803,1,0.4781799885881277,0.5402036078548341
0.7662199840982599,1,0.6878952059398382,0.7072777450218513
0.25874893510945496,1,0.5229896509761918,0.6090249001151354
0.8096137796217399,1,0.7577730182380767,0.6923750864886327
0.08450442235342964,0,0.27042727152347157,0.2652966974467884
0.7160546847496727,0,0.3904669111464051,0.4857292504475496
0.5701647200495195,0,0.06665819446773256,0.43682515612510353
0.33967074810881975,1,0.6769553895436105,0.5769471358325443
0.5639145784546566,1,0.7839729625237934,0.7011369197950531
0.7183153054243063,0,0.35968069805652936,0.44960856938187027
0.7052710515481991,0,0.3306724976711237,0.5392471633535114
0.8461553245266852,0,0.4895266319048989,0.4771562982150283
0.2785870458458461,0,0.2944030447664873,0.46969631720242533
0.6383563442495852,0,0.2664048583935389,0.4250441247611419
0.2750922105398104,0,0.2093247237937412,0.32387035860936997
0.3454129081481899,0,0.3942834347128106,0.4485714609378324
0.2592804401812975,0,0.33765163080405364,0.7047204859697236
0.43136713080735184,0,0.40606634274941633,0.41637804092528197
0.32913495029708045,0,0.20230560727850808,0.2975457080012754
0.6627771405976863,1,0.7102549030863776,0.5735775294409339
0.5793390284425336,1,0.5551981886217369,0.5638653209503497
0.7162823535503021,0,0.25468566072961074,0.44246094570543315
0.5772316917149026,1,0.7128436816644925,0.6143911876027792
0.5624466531382493,1,0.7389171547244596,0.617821988292029
0.6559074332803937,1,0.7615855249172616,0.8244276609007739
0.7748311762320539,1,0.7888397082365156,0.6505329142217653
0.21605416676685235,0,0.23156109688078583,0.26446510769688314
0.5788514500139827,0,0.4211084604689897,0.43399445110215157
0.1519767320389548,0,0.17830307312571048,0.14294754991477512
0.4210636455933454,1,0.7011592848700329,0.5860015843587727
0.5190710919492811,0,0.47638231832305117,0.5268402599908634
0.22854661484230648,0,0.3697139901492628,0.19378756841125577
0.680768251346229,0,0.4224873748797033,0.4013129568801374
0.4467160637617693,0,0.17668369225009012,0.3712556608250774
0.2644641481436954,0,0.14703091569294932,0.1370024680249682
0.87030764196959,1,0.5384418619952012,0.8153843386221502
0.5378832799105606,0,0.4473489041846771,0.465051121992195
0.7577094585457053,0,0.5208445639476554,0.5436285590746948
0.47473419891909396,0,0.37304950229337347,0.5944763591940915
0.42946966907162537,0,0.36434430787866745,0.38256950225737435
0.6304268323642254,1,0.9737322583372895,0.7780963953512561
0.35521389536552556,0,0.2861483891515946,0.507126437000282
0.481490013622904,0,0.021223101210089097,0.4004379991509191
0.6315556870730471,1,0.585025336100478,0.5950154241486018
0.4421318704256397,0,0.48155720689030124,0.5374940659627171
0.24320239489997697,0,0.3975686923331552,0.24209650620321102
0.28441389980343773,0,0.2659331196214175,0.22028999399071722
0.21935778901296,0,0.23021997245590134,0.3247904853012848
0.7523081502164468,1,0.6417744188037176,0.9004237955787175
0.2569254683800373,1,0.47981529146829405,0.7110462416460138
0.28526022423521374,1,0.6181481765372517,0.3385308689814351
0.25720650759749764,0,0.5504321822151965,0.46420860388996593
0.4637833093419469,1,0.768585906714945,0.59754075565244
0.6246286769719577,1,0.7197253705156118,0.5158370198538609
0.18182629645766799,1,0.6791175757175579,0.7119159752082826
0.8328288320628149,1,0.7388692951451767,0.7338688206613586
0.805979306879495,1,0.6592345929726277,0.7083091759397774
0.543358604603455,1,0.8163369497332947,0.8729215622982864
0.525093370396314,1,0.6221163530510193,0.6084753840100275
0.4515663289889054,1,0.65776730442391,0.5687434947586889
0.396971589824137,0,0.3063851447091866,0.49134511436096207
0.09727301218666992,0,0.37237653043182095,0.3987785180134909
0.43220697315959566,1,0.5560417289026941,0.7579135096597214
0.8062639177969628,1,0.7441862718992072,0.9108653176277681
0.6188482914459421,1,0.6022182515620801,0.7676922515570498
0.5412679027802559,1,0.6684268754429921,0.6434571274548507
0.6044233960942614,1,0.805010765199424,0.5498703912184271
0.6941631341066848,1,0.6985830297261951,0.6838344233100325
0.3170499051478458,0,0.5328927773909872,0.202032292834007
0.35142305029425064,0,0.33110056759853734,0.5866010713880898
0.5447665124593346,1,0.5315718181481451,0.6832110769473416
0.2899288504509896,0,0.21496994628002342,0.20969904585182225
0.42458679347958694,0,0.23416150371950673,0.5681822539681534
0.8061567595481814,1,0.5980708247032023,0.6051172879690495
0.8660651872630785,0,0.11593842376949998,0.5880144844823701
0.5179851466410086,0,0.08912165409243403,0.443946468947694
0.3464451060402024,0,0.1817449190783769,0.436719586860676
0.45101207315235786,1,0.6821460794701029,0.5364659123676905
0.34173640858005944,0,0.2892810843472723,0.33848128620198203
0.5631792845170698,0,0.11957113856791614,0.25451707479367164
0.5640600658388559,1,0.8000554315230097,0.7413812902705197
0.6463012026767851,1,0.8269309182165993,0.7144784731344536
0.7025913112629705,1,0.745930073525836,0.8002468887165859
0.6070698059812424,0,0.22885186586167283,0.3699328498669503
0.7397035282150906,1,0.6909581901233658,0.6342240892245391
0.45564856368676765,1,0.6982520681195757,0.6049170982051314
0.3679605598000172,0,0.5334379274994494,0.2624726779509088
0.33656701989224297,0,0.4110353557004477,0.4331617388851956
0.5695319989743088,1,0.8324406423527733,0.8270105405065756
0.24763735459020889,1,0.802969321799402,0.5704958438535777
0.5377623165438452,0,0.4153723297126766,0.4781700466309237
0.5393684262296543,0,0.41101750009440047,0.3649690696466989
0.7841816403133369,1,0.725979049147542,0.650650164041189
0.3219928874244804,0,0.4800332389235287,0.31408990560093425
0.46475873885317653,1,0.6768699013047063,0.6114866709598445
0.5543963534938428,1,0.5669932641517065,0.7959968910523324
0.345155536391613,0,0.18240199458618347,0.35381060235643114
0.6424247569525746,1,0.7179517904969712,0.40047291685778236
0.2656872805663483,0,0.4100612640786412,0.4208399614772802
0.8128557483617628,0,0.24295070660290705,0.5349156413573596
0.9094043056446913,0,0.3574468077133147,0.6477156120204297
0.4982784104010409,0,0.4018676783478877,0.4271341541207111
0.4825560161471189,1,0.6889213113418405,0.6609899587358141
0.5360952212114518,1,0.4865602148477255,0.7967855761799982
0.25780994277890756,0,0.2541844602803981,0.2296842195105306
0.31263872729588543,1,0.8868000468634049,0.5052134898761707
0.24110708131048447,1,0.7054160582075327,0.8254201186855368
0.24325768490418642,0,0.32663401883204296,0.295219321911188
0.38455624062925864,0,0.18382576014998694,0.2879714841050106
0.43313860306281327,0,0.40065959527752953,0.2154548216078384
0.2596051384824252,0,0.3332831562483063,0.1648810971223747
0.485722102639628,1,0.7501818744926549,0.7275797626288426
0.6644138693319921,0,0.4907607224673711,0.49936215498266484
0.6433311812721856,1,0.6281144248451159,0.6391699552977189
0.6443916460603207,1,0.49080224725886923,0.37734605384059744
0.42727297611006704,1,0.5512424626156038,0.476027760724126
0.8377832393970787,0,0.3180299128576044,0.456154444076614
0.5526806457129262,0,0.44283556900893667,0.1994823787983181
0.2861848716779117,0,0.31513951309231153,0.17977642047226808
0.42434153571285643,0,0.34373551398149044,0.4714027467066548
0.44187243743447785,1,0.8011979257690405,0.6922985631374238
0.4527124479730379,1,0.7698604721370135,0.8154295692332283
0.14196058236215892,0,0.3171354790933678,0.37067516631034336
0.4495729883016735,0,0.13718762258746808,0.44489564540618004
0.3710017669398275,0,0.42040769831106406,0.2554421505694662
0.65988163880438,1,0.7053511327345696,0.6946376653728699
0.5829343093021602,1,0.857700259121147,0.6411827486498083
0.4947262099617648,0,0.27101735435687463,0.15591613464027337
0.4063475012598383,1,0.6231462541230437,0.5043678549132639
0.4676222302960473,1,0.7326369329467748,0.7688541095470237
0.5325962684089558,1,0.8452767092612842,0.5994672989542655
0.41201314950737417,1,0.9281093596094648,0.7356034004933281
0.7450799842845837,1,0.8043746820585739,0.6403040159980135
0.5484226970086415,1,0.742742217044284,0.614611316773485
0.5303477510971184,0,0.439879501213282,0.26256998760000333
0.5915715671823003,1,0.6871098659866546,0.518648900229827
0.17335184037029075,0,0.30681563987668964,0.2929457738500788
0.45894650502555534,0,0.31227475971361596,0.4687283428026668
0.11161705480220654,0,0.2599041862574766,0.2057023350241231
0.7656375779672869,0,0.5128609675225402,0.6909725487697466
0.8217641669775846,1,0.6492838529529876,0.734048229533814
0.21927170752607966,1,0.7443491046499803,0.6161231104216888
0.3152271608287621,0,0.43766820844075177,0.23887947597250742
0.5111413721153553,1,0.7965776421025471,0.8463423319291651
0.14072579595903917,0,0.29882049010224293,0.1846207028860878
0.29546844309551507,1,0.854515075632913,0.6514919577538627
0.8122244468786791,1,0.5946435535263368,0.7060213073605881
0.6276710997837157,1,0.7420971852139647,0.670422939940921
0.45212435184079924,0,0.0,0.28856711808022795
0.2764749001815522,0,0.4380884524789165,0.2693392759872722
0.4710094523541858,0,0.4230710488421292,0.5392100636050378
0.5610999511898149,0,0.231228240060701,0.6112845343425836
0.44359412196016584,0,0.20129001760664694,0.5356490244328217
0.7284749391663997,0,0.30340906329718054,0.45619851598514916
0.1583879218439639,0,0.3831464757732485,0.16732959006012965
0.5245821484220862,0,0.6018660606015405,0.43513508760226466
0.43869916688134764,0,0.46987975403788984,0.3771736494784512
0.7894277164762231,0,0.4631912773718563,0.5544209521091628
0.30899735215042623,0,0.27886513228137577,0.2926570893832297
0.5014279522334455,1,0.9213883077556642,0.8377701071948921
0.4660172452480889,0,0.2885402121141979,0.4391956602001908
0.5546609558326265,0,0.4486453608612993,0.6096365788865866
0.654895296536868,1,0.5439439402913507,0.6134662228302235
0.29293421064939457,1,0.5910532912041976,0.6135400377468578
0.5296027211597273,0,0.6711881183647418,0.07161595218297977
0.4113360429336789,0,0.32325959514553054,0.29382259543476447
0.6112543875771773,1,0.5247107159832874,0.6321256099925203
0.359409493733717,0,0.10826525652054146,0.3475695491779204
0.5586854149379549,1,0.6559745184491709,0.7719303250074033
0.3989270443254107,0,0.29204418465381904,0.37084246227842055
0.46056803042728295,1,0.6652156463047432,0.5585040301719763
0.6927936427397265,1,0.5760846198902194,0.6956615841234207
0.37463659115682935,0,0.2779513999077742,0.442046499275928
0.42429898890160683,1,0.7886859897851728,0.5659040690680124
0.44246621818483534,1,0.7850239653856722,0.8270012936021566
0.4610544590291239,0,0.2661176316492123,0.22975489154182743
0.6453948490880024,0,0.23817602945814015,0.55205286413897
0.3785814956003427,1,0.5674341013957299,0.5498969536770628
0.5283558100442688,1,0.5525306297358714,0.5688851411729551
0.648402006485953,1,0.7138535780152088,0.5810197199130105
0.34440166185408433,1,0.5501965628044237,0.5217273838150969
0.27673132318800076,0,0.32686487691826377,0.5483819836345231
0.6202868085433121,0,0.4778698777929313,0.5005500455107095
0.40576509759240836,0,0.2839727095770957,0.545011270226831
0.1719269348862753,1,0.6951980738717285,0.2909853168650375
0.6421633411369512,0,0.2757244569128651,0.6602128267528053
0.6156389864260611,1,0.5606589024492199,0.7246890933085478
0.8475589896625364,1,0.3646897589946931,0.7804283485046526
0.686752018979822,1,0.6446327795127688,0.754515198692598
0.4960409634406976,0,0.2483955053149341,0.2799200523990239
0.6798785116238789,0,0.4782761469784418,0.29834693779884647
0.6335320347190475,0,0.37345959122165384,0.3732329475422908
0.6852905965620488,0,0.4993288167218398,0.3128155386072029
0.4174393875512266,0,0.44228928174252985,0.47993716975881695
0.6660559188009845,0,0.29908162833799073,0.44030255672088314
0.564038778841985,1,0.7810192661448258,0.6056401968103311
0.7524956341116165,1,0.7776789243825785,0.8742727606562286
0.5133242644321041,1,0.7017785471414598,0.5763606259818165
0.38701801777314987,0,0.5010590367761641,0.28753049204617565
0.14738064571653967,0,0.3257608171280647,0.2189006971428447
0.5361347222001684,0,0.3343420864739326,0.5716327883944531
0.6891472667961557,0,0.47110415130815364,0.5866047693616049
0.5226586496105288,1,0.8164566401024768,0.7513705127408907
0.3463984108901845,0,0.281206664831303,0.386639550325837
0.39104178190576944,1,0.6405494494861954,0.5726244129710911
0.23334457942390907,0,0.4059887545086386,0.38334088761311086
0.4940495997804087,0,0.4022259669859529,0.13310137716283582
0.4490945843621437,1,0.5597428921782797,0.4018811432593108
0.5917523576992737,1,0.7262189069073489,0.8267502655853488
0.2432912905373985,0,0.1650240323369884,0.26712462712386553
0.7851542690370497,1,0.6437888453219334,0.6802616599373866
0.5607445944821493,0,0.3183506592376121,0.3566840691366632
0.7430293709592489,0,0.3070438620544918,0.5242050783346746
0.7975675241634966,1,0.4563453720420111,0.8106175213728882
0.8943360193358899,0,0.3074136903346397,0.615584398049626
0.4670815713385281,0,0.3456508595683222,0.31313790129832814
0.5686459660825096,1,0.5880795096233052,0.6967325126097729
0.8290752464117306,1,0.718842994918621,0.8471993271732435
0.5869302303364045,0,0.25040960552974134,0.4437509320120971
0.5326380276393455,1,0.5889877724702506,0.7546003459238761
0.713169846864183,1,0.5808874114276252,0.7485339318883267
0.14993019397497812,0,0.15214375677957429,0.2019516839168116
0.48204334956691136,0,0.44833100370900464,0.3655523796826034
0.5783974121108906,1,0.5171086981342266,0.6676633478951118
0.18011646161020814,0,0.2851950316290317,0.2865014090210387
0.3798773677484712,0,0.3460525803273782,0.38170208394860894
0.32747901702156185,0,0.19187945205783422,0.23704074543599946
0.7443727033802239,1,0.5694027581815713,0.6778686569731959
0.3938309202847311,0,0.10179116267303917,0.31680866270252644
0.43375434682996455,1,0.6764547336275544,0.5866991678045502
0.4548220324162542,1,0.7770072479167719,0.6596883474648699
0.5506991583016588,1,0.7163459777615531,0.8910226560479025
0.4518818688630949,0,0.34177625327527644,0.35729760675903643
0.8226423332856869,1,0.6758273775412533,0.764383929669195
0.45552595263991286,0,0.35339377453102316,0.24565859574472534
0.4927518846797262,1,0.7932148427055096,0.6236863566652696
0.5816096428274181,0,0.18757088168415015,0.45227515009747804
0.4826203054782865,0,0.4057854037033283,0.6769948807494689
0.7123415016919764,0,0.49533194384620033,0.4230326372352665
0.5312143399445065,1,0.6306122517504896,0.43888434616279287
0.7716481572913568,1,0.6681614981696398,0.8192179843373589
0.540588229020234,1,0.6149823115566548,0.42902067026655266
0.6796923605365957,1,0.9316163549632513,0.8391608389719939
0.6724082186656675,1,0.6054204482948402,0.6807359807867411
0.4246081105951219,0,0.2467829921082036,0.31260682206814067
0.544657940618538,1,0.6297421915299412,0.3778352874007296
0.18070358920929128,0,0.2747701270382694,0.3087514293140716
0.4467468546663218,0,0.41961295642097307,0.3485356304391723
0.5675500992631256,1,0.6312462022470754,0.473980543425838
0.5237783429534274,1,0.8310527846406394,0.8299657992883589
0.4517049203277835,0,0.25759414267440245,0.5098299525781133
0.4320938139559267,1,0.8649611341927625,0.6174757186600665
0.3996678835074238,0,0.14159507659955886,0.49937000192590025
0.6805023662593233,1,0.6303630435881353,0.8109110562157145
0.5804294178712083,1,0.6335515188255479,0.5532626129833523
0.3545336268754102,0,0.3501437306174866,0.4026651535266127
0.3665141599811447,1,0.7321396970173153,0.47025338650556936
0.5037682610411249,1,0.6369445309719827,0.7903190171464239
0.4875461274737901,0,0.34872121626141594,0.4047578541184822
0.5475081741070549,0,0.2439141686318952,0.257442595605151
0.3794907931660644,1,0.7106265415496431,0.8696442859614325
0.8738681649729642,1,0.6056370983585222,0.724102729766817
0.3690736569882974,0,0.4484824551064099,0.38343101806471247
0.6501974393691285,0,0.5253617174958781,0.5065052234419132
0.2505552021611091,0,0.3655774735768002,0.3444218708050947
0.6622828376925501,1,0.6174599245970137,0.6719391107324104
0.23096459032172859,0,0.22125812065192457,0.2139028609553332
0.3688788262282784,0,0.34553349889182733,0.3164966064189599
0.2679438598532758,0,0.25836313875604877,0.15836308339090144
0.5745102653655949,1,0.6039572161789919,0.4647644599830075
0.8069408431742737,0,0.3141966545741908,0.6148803015702977
0.5709260491487853,0,0.273789644379748,0.5276790264079165
0.41199517557125565,0,0.23359529522260117,0.4985319164046412
0.5810916149007183,1,0.5969974019574054,0.5794853985748203
0.5206723718489666,0,0.3940554641828505,0.5837518770873152
0.41748440520702446,0,0.46632690464239884,0.27264350191141035
0.8113210858237645,1,0.6284206531057266,0.7881377284355017
0.8782568421968737,1,0.5043954016535813,0.7874975255991065
0.3909867509615488,1,0.774896573490675,0.7385160222757682
0.6320078767415069,1,0.5787706679606966,0.96546521899267
0.1343897577337147,0,0.3095409319569986,0.22420653221562578
0.4535326903177537,0,0.21450744984176814,0.11100466919542595
0.5077863515522566,0,0.2966020517113903,0.522536392628834
0.23568282017364206,1,0.7592010936535698,0.5400736270876056
0.7268710134450966,0,0.3186783770007506,0.3864190587540033
0.5804452064648694,1,0.3968384764400685,0.590074011895785
0.7381614980604434,1,0.8776808537879829,0.8104605544307192
0.515495233404258,1,0.6610700259978574,0.6041438623737941
0.46448984905458013,0,0.29827449318317856,0.24814860526202534
0.5836505618315087,1,0.6620928189264619,0.8828408304240999
0.5000303739399722,0,0.5653033448651155,0.35027882549715866
0.7345814246356882,1,0.644143917282419,0.8826304251934106
0.6179519507572071,1,0.6532087313390624,0.8788140838845034
0.25037737888836803,0,0.17907233870138714,0.29917719739548343
0.4066548001709105,0,0.3846672899760181,0.37077647060642493
0.4177723926312338,0,0.20260207389360135,0.36450168929729565
0.21907824192889513,1,0.6980009098221328,0.6011958946191204
0.32273462844289075,0,0.4685816433429904,0.3204360424068239
0.8044049804167853,0,0.3626955006967814,0.652761761398838
0.5950768772033269,0,0.4981160071049474,0.2586896917252041
0.6514976550685558,1,0.6714327485069839,0.7530380772811999
0.6739133012626203,0,0.30814275099384697,0.5681669373742788
0.18945013879312894,0,0.20935480789255884,0.2878884902153343
0.27695919844373107,0,0.022934373195251347,0.4582601969119731
0.5547953194554012,0,0.4425200611299685,0.5791314560116204
0.596175560637042,0,0.38931972535487375,0.5025688814381419
0.7762927448603653,1,0.7411080620061354,0.8461537325638901
0.30059198927010583,0,0.32075953189532963,0.20070737775906278
0.18051879198035972,0,0.22926936117246585,0.2701699414534443
0.8681686509375404,1,0.4415538074300389,0.8645239314982559
0.7090679935138776,1,0.8043964138545401,0.8364891975780797
0.5320971833364887,0,0.34827506707077244,0.7188035636709115
0.5850930852339319,0,0.2823753599401444,0.21917076832448273
0.6239963398015544,1,0.8050311880769966,0.7138641646055237
0.2784962469984242,0,0.3415460259312436,0.47383635731385293
0.5253889117948277,1,0.5741699254683484,0.6181105038565902
0.8462296188309341,0,0.42833062702861224,0.5976718091310987
0.28659345637459027,0,0.46761504068149107,0.4966377303351866
0.23671981595851918,1,0.665848857358494,0.4640958593513916
0.4718839391600051,0,0.29194339929563284,0.41614812674836965
0.78539907475722,1,0.8157115218746447,0.7368303600239952
0.5882901206235215,0,0.22364831626754164,0.5283971968990978
0.6947788077037441,1,0.47365138575318744,0.7837749742581811
0.3090480053809387,1,0.6454041713138098,0.6368747405820318
0.7863058139472899,0,0.31017971640393016,0.7311108722640737
0.46688163639240365,1,0.6264258612747068,0.4947951862794966
0.8793188262786306,1,0.5357237001809854,0.9018172184846436
0.4408862163486276,0,0.14759348051753074,0.7610919818746148
0.5321597731297868,0,0.3282402721783748,0.41209929026941317
0.8410332751886984,1,0.49749644480828864,1.0
0.28465139905782405,0,0.3178607892316484,0.4031926230078248
0.40300074507674016,0,0.20233942966900403,0.20584805192976913
0.7608628490794169,1,0.6643174808788902,0.6968383392466679
0.5944272236142614,0,0.22121321814766934,0.28788633691741333
0.3033917158402199,0,0.46030690210660413,0.29017748151553596
0.5650447641817891,1,0.8202275642100915,0.6964060663180633
0.446706313772315,0,0.1949367552242922,0.5046328811328988
0.40373985532456924,0,0.49408063974237965,0.5664627955665054
0.7883028684640219,1,0.6634289369317071,0.7992426578000972
0.51509633677821,0,0.45399798477528375,0.5534228996604763
0.8759113168807814,1,0.5445803761666206,0.8084769790834145
0.6376250208230702,1,0.6938537554814164,0.82433475464322
0.518110528117637,1,0.6076156953633879,0.5830063045729608
0.6414437727301898,1,0.851992642756968,0.8315182666548862
0.305537295326929,0,0.4437761077859958,0.19823475972068255
0.7912404021683083,0,0.1983806165744897,0.5621665234039168
0.5702440786397033,1,0.8364212798165036,0.6556007650532684
0.26917802555987747,0,0.25622239767549215,0.28255920237806126
0.6221068294545128,1,0.6894825653078374,0.5317192240087258
0.16728596737041762,0,0.28574511906743627,0.04978506315614314
0.4992866143351515,1,0.7311565656450191,0.4969701286589126
0.2915519405648353,0,0.3655213316986179,0.2763974014943694
0.489858973814956,0,0.17065834729059276,0.5198845112935274
0.8192306083962996,0,0.36416129534895636,0.5261398092257321
0.3025571087035451,0,0.5970924330740038,0.257918820877346
0.4070052053186879,0,0.24144501919768763,0.2744287637602942
0.7245956977868382,1,0.6332727968513241,0.5471189852538211
0.39186428416574465,1,0.7246754038605461,0.7899423329092053
0.4651924084966452,1,0.7775362599021169,0.6843052847442198
0.43264236571605386,0,0.3909327604857291,0.3828043120086501
0.7328818633125445,1,0.5579784454882538,0.7924670659258601
0.6748651142642399,1,0.9188671986477082,0.672829711573253
0.7556951262128263,0,0.25641329346272307,0.3606765486011097
0.7300679836266988,1,0.6025634799846,0.679152599580609
0.8074189042756098,1,0.7501680972225696,0.8298830647938592
0.6464042614226782,1,0.8397422710146374,0.7868669326953124
0.3204571820337479,0,0.4407919790974021,0.19909160690659075
0.28387159859521394,0,0.3888611886915432,0.32398138630985696
0.4290084148471457,1,0.7015767392185452,0.44864704942935535
0.28168328538368853,1,0.4859987850961456,0.45131463057883764
0.3536103121941924,0,0.28638418775075336,0.5328162896199752
0.2612216285725155,1,0.7928310673320328,0.5572642444042794
0.2750369784583049,0,0.399652663697652,0.36933983900445116
0.37423923297966905,1,0.8802033557751987,0.6792808204828465
0.34264588968197174,0,0.44993951074706323,0.38925382972379136
0.14482996258746456,0,0.3393504347909518,0.23759856674957283
0.21842359254319227,0,0.428240675951145,0.18664035060773834
0.41103833683670493,0,0.42160921294051634,0.5495593471805131
0.4640545801642228,0,0.39610180471187073,0.38550606103885215
0.3848235142088419,0,0.437909051411616,0.09126691994960205
0.7371218355563682,1,0.5860896308050989,0.7614562258058383
0.1504414273660815,0,0.43855763453149665,0.25748094193594656
0.257327910532003,0,0.2371126183153633,0.35376834950411895
0.5600419542970985,1,0.8122620643174087,0.5898169614489029
0.2894641259134546,0,0.4142998686767537,0.26703761761943584
0.567163794356129,1,0.8002124769441075,0.6658453281328394
0.4589034350877763,1,0.8300876591418486,0.6383784947747966
0.7227537742057959,1,0.7521892791846094,0.8187731750152546
0.6814259516917444,1,0.5326927635710352,0.678629422467933
0.4255835975802579,0,0.2886822652886399,0.5670223810032011
0.06073115355893492,0,0.3382073951429989,0.20808872563717268
0.7301431738660333,1,0.8011951860449803,0.8669146182913994
0.8766718991414516,1,0.720993089489703,0.7513571753038771
0.48148445710307664,0,0.29046485324136134,0.45121255057435566
0.3085392996450564,0,0.3606667571226844,0.308529529144402
0.7812926967802117,1,0.9998018850976402,0.7185083759255457
0.8733496831328271,1,0.741495380027706,0.3942933570706952
0.348821119462248,1,0.8799716567810876,0.5869782680653022
0.39031017835112314,1,0.5535233397634898,0.4597526782280855
0.48206786216215536,0,0.2641570320654176,0.437061884666775
0.574863238828978,1,0.7323177284262947,0.7341606345004807
0.44872837572601687,0,0.3061484362023493,0.3689835913786495
0.45532016676964276,1,0.5645279396741018,0.7246530267324502
0.5024241066056097,0,0.034902317040329825,0.4766807976411137
0.44682226195971964,0,0.568474230581463,0.49852287366677256
0.3974929603108966,1,0.6690288220074226,0.8029053364447489
0.8066395903782037,1,0.6510960411144776,0.7953422361806937
0.6335419214390962,1,0.6366112372445711,0.8065410369050315
0.6544808261163847,1,0.8294586853936237,0.7570487736618496
0.7586218315539266,1,0.6912343751197112,0.9212127705318178
0.2582521343312067,0,0.04049512797291111,0.45369441799177157
0.45562605834156195,1,0.8070031281670825,0.6414530628233106
0.5015337925170039,0,0.34395276427209764,0.28609651251195
0.6354046375102111,1,0.6725129819825781,0.4719904398501649
0.3732791000917761,1,0.8615128124892032,0.6091783806957765
0.754003654706026,1,0.6954671814356719,0.7988146974713994
0.46213729746971793,0,0.34134396298777314,0.3361513036289772
0.6722102249443328,0,0.37371606507787963,0.572374411043682
0.45223065834995463,1,0.6690567553586921,0.5428171924864281
0.7992403199674294,1,0.6207055859784446,0.8482630149706082
0.32979536262477416,1,0.4482311605571666,0.5375716370957511
0.5098809066957253,1,0.7653430476511779,0.5870557813295884
0.723124788985679,1,0.586680582313683,0.8004083222566231
0.582823703526065,1,0.7116765612501473,0.6281211130062481
0.45103605646260964,0,0.13803376245296894,0.30091178723707057
0.5922864623480594,0,0.5654085652630115,0.5058277247770383
0.7296842120671483,1,0.7197385779495519,0.710384736709664
0.7559685050194116,1,0.6371414499143991,0.8532397992034866
0.5791055788939311,0,0.4746955949768471,0.5807809730261057
0.4356798811416445,1,0.7413912315430837,0.5647185212492388
0.40274899629116784,0,0.5421887718995952,0.6292270994386537
0.5659424717681318,0,0.28837994636289177,0.4103645177426641
0.23154183807459505,0,0.24353946669813897,0.21647637673566436
0.5837536528446996,0,0.4671413503547499,0.33912411554336586
0.35785855184882537,0,0.5196399487326436,0.268865598279564
0.4955668283905624,0,0.17838610899010912,0.44301365207562676
0.5712636275864594,0,0.34516175066451393,0.32000847395731064
0.2477415979112016,1,0.6463624846765715,0.5626396252232346
0.47639639583271015,0,0.43198701963643205,0.41663999242062694
0.7863323796737832,1,0.6938409400297957,0.900595183151301
0.6639328509253669,1,0.8321188054825548,0.7291192027964347
0.43142940162368415,0,0.4328785223264343,0.2447691328535844
0.6493044524127929,0,0.45894751955545515,0.34931987153132715
0.5231641940418558,1,0.7533745475480444,0.6957900293310304
0.7562399998611071,1,0.6106833401743276,0.8629297722992232
0.5107453234599595,1,0.7963970692256306,0.6576882272778594
0.7190466974804434,0,0.3544609720423203,0.47534778073461387
0.3670577012333767,0,0.3043653665137132,0.2309551379146752
0.6227400417156586,1,0.767746109353624,0.38574727700183137
0.6402567487807748,0,0.15552701497927804,0.3084942515943522
0.2617425005777094,0,0.40136534090341297,0.34576899670902295
0.5823872541406708,0,0.2494676397387082,0.19694707632942832
0.1538853111173688,0,0.31337184234463045,0.39143943177185253
0.306969020790488,0,0.5541485432131796,0.31547919044353107
0.4882112772122794,0,0.36281219858260677,0.4373378316091778
0.2843197624414556,0,0.30583742037385286,0.264147923575242
0.6380962122565894,0,0.3611933433332183,0.22276168995165713
0.6610391677453221,0,0.3345865140739133,0.39879209251751324
0.4397407430641087,0,0.3791642794162632,0.4308972578945863
0.586312600347707,0,0.2416062094976251,0.6313834872271774
0.24515562908947314,0,0.45746818888141777,0.5336753076342865
0.7927910228378732,1,0.7804903780782588,0.8477629577485064
0.4782052669163974,1,0.5244268665774142,0.6265279016388474
0.38197680590573896,0,0.37618705049225387,0.5316006345729207
0.6725833985533123,1,0.4841188033813882,0.7251449347338095
0.35177248931435146,0,0.10509123664214143,0.44610336775574055
0.624633142705465,1,0.81713257835712,0.5654042695882064
0.3185971220098114,1,0.5576197338814967,0.5542205808177627
0.523640616581538,1,0.6851776731621462,0.5730426569645761
0.4882791679552913,1,0.7342376716408862,0.739614888917103
0.3688189227539772,1,0.7897958489224431,0.6180008157910688
0.6445968483170537,1,0.8301771527155648,0.7163997199382788
0.2908108881604611,0,0.18869090611322503,0.3396377754651125
0.42288728692633243,1,0.7560584890505223,0.732050257907609
0.8598600389215795,0,0.31326688972179767,0.49630400746846115
0.6517325775547058,0,0.3248788688689572,0.3723728601524445
0.5009006635741532,1,0.6486223605241013,0.7894595165691133
0.71640722880651,0,0.331112567823258,0.6746664043613696
0.6007972491194593,1,0.7423514503930272,0.6800690908746122
0.7257289321586902,0,0.5768162598948608,0.5759891850549257
0.1210503627065419,0,0.3178973708706268,0.2963553232566053
0.3332602024967174,0,0.10678448670682487,0.34077212326589246
0.44936370389688074,0,0.4361329525874291,0.32445284976835265
0.4380675551117564,0,0.4525127964804712,0.5572632521444345
0.21349580774457705,1,0.787119785668416,0.37478249557378934
0.7625192279124439,0,0.5934404625732387,0.7386367561873425
0.538069755305616,1,0.9072910634812404,0.7021771875184482
0.3474127885169269,1,0.8825108064257647,0.52948799628775
0.6457282806387983,1,0.6718005462321046,0.5899015560819506
0.6379037835250894,1,0.3912295788260392,0.7936895394325356
0.5166661370848664,0,0.17448268571657344,0.5218526975615799
0.8934041640802814,1,0.873887296663529,0.643751544646924
0.24055585714676458,0,0.11527748747840791,0.14613652527476298
0.8331817977956107,1,0.6016673309377001,0.8091123342707731
0.6999452438923499,1,0.8253923051471967,0.5942737203847365
0.6049478389985086,1,0.6842892313460684,0.6855611317739378
0.25884310644205,0,0.30996923829813483,0.40431797109310547
0.5384761342202559,0,0.23834923574785682,0.32306740641566795
0.7087869528143346,1,0.8330905511178213,0.45666697735013106
0.6985883775029741,1,0.8394275111768736,0.7622596733372964
0.39350627405990424,0,0.35107896570214564,0.1824586884098882
0.737445726575424,1,0.7809431801536314,0.6619827922807189
0.6284020591280731,0,0.37091430712416007,0.3556478107916074
0.23168347269374043,1,0.9403726897208384,0.3729973716293697
0.7885110356821322,1,0.5761400105759364,0.7394796241253367
0.26388209054509054,0,0.22722750971516115,0.15691328473059563
0.6521336306570404,0,0.29981205703521246,0.4173417935695863
0.6726160569361989,1,0.6878350428025412,0.6964260876548747
0.4184334269223375,0,0.3935138152495217,0.45326641249127336
0.46824036602912017,0,0.4669318586819859,0.2912073159971876
0.5110921880924674,1,0.6933015663705275,0.544693026778145
0.534744280825785,0,0.3030871973987611,0.44774808181541775
0.563766543567406,0,0.1973157428198529,0.42012536939177914
0.6936263700876046,0,0.4670180777964702,0.4133827543495058
0.2903857073719692,0,0.141687545157478,0.26331002331423925
0.4628559354696864,0,0.053812717562667145,0.45074227138944895
0.4982733860109436,0,0.4132766834842783,0.433527724043025
0.6228439257621411,0,0.4494856192038018,0.4867864780036988
0.7140727314029597,1,0.8056452369861201,0.7776540198056681
0.28425366394436713,0,0.48481331886291334,0.32514547065050675
0.8284805908756376,1,0.7119664290359352,0.6001269615911792
0.5538681320258679,1,0.6273605964594263,0.6702254879757633
0.43670099631597026,0,0.3762330251384917,0.28079127473834264
0.5386374755195731,1,0.7502225855955947,0.9137925153781168
0.36034304792565947,0,0.34196017071197615,0.5744196075238609
0.5653917264686525,1,0.6968505035386879,0.5708079287514192
0.46687550505218567,0,0.452515705976588,0.46127839944383153
0.6766321215858442,1,0.8027454450995346,0.8092247711828583
0.3410115683875266,0,0.41465917197103386,0.24929925787938487
0.3708590257599476,1,0.8874389013263986,0.6343531536577077
0.7768687274900132,1,0.8858133678753846,0.8923007188404823
0.49862899951153866,1,0.7381640887887111,0.6100903471103962
0.6575652241350411,0,0.2269934654873008,0.7233645580969362
0.5388892707893423,1,0.5582961379578781,0.7565076107631764
0.6717027168926467,0,0.14320214683981083,0.464012163295787
0.5608687619970286,0,0.12496506708434842,0.24339027676876496
0.5516988578896362,1,0.7002558345816722,0.8055311936715157
0.6032591173185847,0,0.14066991908497195,0.5100179540603789
0.31269739481665004,0,0.45338827576065305,0.32239944864111414
0.22486725646612168,0,0.4394384218145267,0.56428766421127
0.12170245089994973,0,0.3785171299275528,0.40605122268441873
0.852354285235104,1,0.7561077044320006,0.8034652286273899
0.45404580938418504,0,0.4004146302300553,0.36234176431311377
0.6872791688144043,0,0.5440400901215573,0.15322481007450733
0.3369089870506057,0,0.2661919019922203,0.12873175155479946
0.7889133134092403,1,0.6675172294470186,0.6717700746689291
0.4863173972427814,1,0.5671009524559179,0.5754654729736672
0.0954342575249968,0,0.23460857259888815,0.28876694047410023
0.36406754506093086,1,0.665494965625493,0.5962073608068683
0.4615977586295011,1,0.5167788920278453,0.7688516804032807
0.42229208035389393,1,0.6123510874640637,0.4235725974238353
0.45498182447162294,0,0.38844711725170805,0.24982775927816558
0.3845823545864033,0,0.16688566757031537,0.37589359303198266
0.9884952220991641,1,0.7433959226015519,0.9337690998212614
0.5948179153197811,1,0.6189920230361236,0.7132843451539231
0.9276168627144524,1,0.7336806104795387,0.8185743390393366
0.40534106241250856,0,0.48118233736902327,0.6083479268043338
0.34613698710980473,1,0.775646463544742,0.8445640628344865
0.5922015268631164,0,0.33725793695925105,0.42388993454319535
0.5257851234873329,0,0.29534184597184676,0.4302002874543066
0.36693290321440303,0,0.35330332852252944,0.5318924632667862
0.826671061830915,1,0.8631764326612874,0.7660468494048362
0.20614578832573932,0,0.6052483917077442,0.1636410461663011
0.7702235453902072,1,0.9307032096905683,0.8765181216624685
0.28101717083696093,1,0.8363366303498081,0.43275416380641557
0.5880731047931813,0,0.3672845352520331,0.47378525041972536
0.48234850252354006,1,0.4846087696971367,0.5810197386291007
0.3359406963711596,1,0.6417066968809432,0.4326136743364568
0.5298945454863886,1,0.5833294106374963,0.7320080186554491
0.7096042777060545,1,0.6506680322871932,0.8277416109154649
0.7019477288874417,1,0.7845160359198394,0.6019196417874848
0.6247450345296445,1,0.8403138091697853,0.7116927889323074
0.7242328079504002,0,0.5092111868678355,0.45406526978455913
0.5431785921236477,0,0.49815344075479645,0.4471782459087001
0.29811171621525545,0,0.33070668107350115,0.26294924252787416
0.2317973336602721,0,0.4431830942733496,0.38452403006366154
0.16862502746169378,0,0.5342237533690308,0.3002303075617205
0.43710379207055927,0,0.20012634297451534,0.36928522430356553
0.411825211122577,1,0.6474482653676779,0.48847038807688714
0.6165597660884619,0,0.06388329062846693,0.6507461147310942
0.3479195055563686,0,0.3108916774998343,0.16439242322717693
0.27723672077889205,1,0.6171893289733947,0.460386201582916
0.5124791973182076,1,0.46051003817129604,0.7523642269713056
0.605736184364254,1,0.718914841104478,0.590125868351137
0.30131550843417165,0,0.39262653936926956,0.27006028581600966
0.6086398492079508,1,0.6694600149641786,0.9238679533335653
0.28038312971674234,0,0.2772182869184635,0.15852188902718822
0.6683119964866717,0,0.31482836659946717,0.453434393906384
0.4286485925916444,0,0.08104738575228485,0.0
0.3245768443642398,1,0.6050831595637252,0.5205627305717493
0.12746034015701366,1,0.6288858349628826,0.8384283732265789
0.4727899003709222,1,0.6509663374302601,0.692905044656762
0.7224274987072876,1,0.7234573556435436,0.6884180392668724
0.5370093904609046,1,0.8650447569541939,0.790691804195257
0.6476286837558597,1,0.6451778282837514,0.6570458585432482
0.7068608614143659,1,0.5947312032097309,0.5685935998650765
0.3765056921181414,0,0.27538416681158995,0.5249479007193085
0.7911559313354509,0,0.02691662970097373,0.49083952552442284
0.6566210208105263,0,0.34364662939585044,0.416709433868329
0.6269439606647023,1,0.6373614310488124,0.6873293624125931
0.45650513952807875,0,0.3546832264292413,0.3897699295376677
0.6548546646609834,1,0.9196685251905256,0.6447369253024339
0.28708404800256404,0,0.45087899270702236,0.3769855953529602
0.5593768511697035,0,0.3333665315268038,0.53401830518718
0.5994764858169511,0,0.3227664719547557,0.550342101396716
0.39619470004449997,1,0.613610068809904,0.45652155893151714
0.5637429534977675,0,0.21758521047166873,0.45389266413398194
0.6022793314568065,0,0.18785029615462928,0.6405729296902494
0.23331129875570558,0,0.40430105350163725,0.3227457144773495
0.6529819869319132,0,0.2939979227272654,0.5465394078568322
0.880084421157781,1,0.7591827041390536,0.9651744050625112
0.5325669950737331,1,0.5372555395815504,0.7058705122880438
0.602015786805316,0,0.11103767983776065,0.535693365454098
0.5128219206005837,0,0.17890586776425005,0.4205865672508741
0.4511426701065724,0,0.3236886662139563,0.39253068348287806
0.6874163625282188,0,0.3681230054579496,0.5785804382913645
0.6783843103279392,1,0.7117983975013165,0.7885270826335509
0.27457597809740353,0,0.3426399940358265,0.4112591726742802
0.7018171747420358,0,0.24373201757524776,0.4860033789773769
0.43846889336596523,0,0.41997051198555563,0.37200715609375806
0.249575761669326,1,0.5956200101645377,0.5749882473328597
0.7812097050630815,1,0.7608085210790597,0.6998180097847376
0.5032561449076606,0,0.22595182789489346,0.28084606005154183
0.5262132612368072,1,0.52428462128406,0.5906463616371735
0.5074364425707658,1,0.6949242556768173,0.7203196177645719
0.42749491620830815,0,0.43909105910398843,0.275873297399369
0.5240989801256795,1,0.599844145209742,0.7367243894652056
0.7082895324194274,0,0.3937526533407179,0.5642367217016129
0.718077935273164,1,0.44963151881025454,0.8300219186056262
0.4471528170224407,0,0.34934662436547026,0.4348922462613198
0.4740010513615812,1,0.6194744200031801,0.4619191108308233
0.6570394396458774,0,0.2585038270655563,0.32574346073062427
0.633977460907157,1,0.5275356216259965,0.7452172730940847
0.7865679920352077,0,0.37514783113064265,0.5323697995482009
0.2673202972139852,0,0.19619878058353055,0.32756231106736483
0.5991752927836549,1,0.8975977850882104,0.7859943089737227
0.8185898663455077,1,0.7095074609399172,0.8544951624145742
0.7228363785013711,1,0.8086920445333629,0.7841516189374017
0.292670392845429,1,0.872683406061903,0.5535864483308072
0.5008015436421803,0,0.1258220331432155,0.33034425248166577
0.5583076199695108,1,0.5635763436566624,0.6321312619871226
0.38807291944833877,1,0.8067363826744649,0.5284401107150597
0.06749282176945266,0,0.41338366478347605,0.1561792734521365
0.25713342920101057,0,0.2733243461391977,0.3352016515447053
0.4800352094783712,0,0.4394174433907975,0.18701271289079124
0.5046271533568635,1,0.8524663309136135,0.8877316065614212
0.7360323248491086,1,0.4486533455175107,0.7815427625147274
0.38355083215632557,1,0.8838550674706288,0.522762137685586
0.6949657518368971,1,0.6465863223942707,0.7201965787240848
0.37278388194779977,0,0.27085639957732255,0.40356419590597753
0.13553039707367406,0,0.2228973177499469,0.23551519306944463
0.3766693972205144,0,0.3279116351007865,0.31875299485994824
0.27804432162967907,0,0.3648556405822192,0.19840528339693853
0.4842901671155399,0,0.4944279884004472,0.31914288192888896
0.8463424582302795,1,0.7416674444807105,0.7971335025687782
0.6885397809885734,0,0.3211753561621279,0.3162249232114557
0.45543042057230376,1,0.6542717367411615,0.5644143550189029
0.43364496319638657,0,0.33789997563934754,0.4713401887686612
0.6962336550795537,1,0.7095809533131385,0.6132734959631162
0.47046600416858614,1,0.8039113923807316,0.4102850838489332
0.29787561419151826,0,0.3320085693942748,0.24283777674178073
0.5015878113577201,1,0.5819236834012651,0.782358979931667
0.6097858453251667,0,0.36000517723889586,0.5973355776591739
0.44546093927387154,1,0.722080272331698,0.5964987897578169
0.39272954439686153,0,0.30483874681996215,0.33936056424418415
0.22355682424190995,0,0.31422784457236574,0.24158808056007836
0.4670257356663291,1,0.7001816700055743,0.7658504437578667
0.56955161634579,0,0.4979314414466609,0.446003888587558
0.3339865907923428,0,0.5951924197624295,0.4074613064717335
0.5428578456986075,0,0.39449672059935664,0.4510137631516306
0.3701150913181387,0,0.3062142738626942,0.38457146947048004
0.2921533688626251,1,0.7452608529401928,0.4694285556436625
0.8005102078435918,1,1.0,0.7481296733502362
0.5576297653062908,0,0.2330283547385289,0.4176004803822375
0.47605724164900726,0,0.3761054028869591,0.20267596038212596
0.7974609020377962,0,0.4833147981011945,0.4857487873917217
0.2858980923869669,0,0.37069022076649577,0.30155877762094596
0.3643891849263961,0,0.3499767057599847,0.31624018876026655
0.49327422685103295,0,0.380201492154502,0.3298362018826294
0.3999490185547369,0,0.3239920714032397,0.416740017232739
0.4354779142127322,1,0.6750632005210857,0.5299312315123699
0.7857937071109059,1,0.6244191769563695,0.6849542443466624
0.5538148851213786,1,0.6747525588353905,0.4780314875380847
0.6469634702078834,1,0.49466327805912746,0.7197702173258546
0.7242774379324283,1,0.8339905429935455,0.7503349335336161
0.6969832641930233,1,0.6053141378249052,0.780294821391013
0.7702306525041255,1,0.6416073162437463,0.646596303586635
0.3057605316652673,0,0.43905970440063263,0.428544612187711
0.6634400603926642,1,0.6859816304491304,0.4658057888485549
0.10060033487929615,0,0.17302613997067234,0.3696506484574197
0.37479240105640893,0,0.3281905200785046,0.6709608981545794
0.5917416078548746,1,0.8066804503696183,0.7461838941030194
0.3398116294476614,1,0.6018614932425644,0.5379164414283324
0.570442486506659,0,0.0644107153383173,0.5328833130744765
0.5383604821670878,1,0.5909339426986078,0.7147045146528279
0.2903330070400523,0,0.4816589813697018,0.3829700770760891
0.5527581760640619,0,0.5868670505275518,0.43024534919903523
0.5894249085642103,0,0.6623547171153367,0.5942966370954677
0.40317527739613707,1,0.45644085694112063,0.4928234619282988
0.5812214451198217,0,0.27620448114691926,0.3948194766791061
0.7713720972977419,1,0.6072228902984934,0.6703749491267489
0.692212191088812,1,0.7366813428286162,0.5797590897574921
0.2970149446137128,0,0.2767256756473701,0.3356516414074523
0.7782423682851463,1,0.5920612513230487,0.5895118514087189
0.32951770563784366,0,0.36469130478614614,0.26927803823601054
0.4781442611519971,0,0.14214194218577147,0.48294887664756514
0.6541305831804066,0,0.22979098721916089,0.32065512621145237
0.7974659897453511,1,0.7171783839014626,0.8264527249799463
0.44518437531974625,0,0.21606432369758627,0.17272382284351745
0.4638336234608926,0,0.23890810162235232,0.26806128091124454
0.39700136340250947,0,0.3220397560855723,0.43787083546706235
0.7559534236925806,1,0.893014400431348,0.7765506219144249
0.8962355738193086,1,0.9189437863173638,0.7760714625545553
0.2635806449271466,0,0.09396995992530523,0.14761685517223883
0.33094900004934336,0,0.28712093893147966,0.30070674700093386
0.5000065760746343,1,0.6218438551461634,0.7935788711020106
0.539135184971724,0,0.2443265029865306,0.4979731160127662
0.23515112007855973,0,0.48963737428048765,0.3825385072439287
0.20211730664548333,0,0.4064835883911602,0.3643646111198736
0.6798446130750867,1,0.8826048034030433,0.8169336807748212
0.46577522327582954,1,0.7694727625316332,0.8417700216031817
0.3187475196189683,0,0.3346071277445041,0.27721175485991273
0.42770924095113616,0,0.380593438196437,0.6120292179105838
0.20809210495637356,0,0.2786356866211822,0.12752331383082632
0.17679914282030476,0,0.5645015845486919,0.28986002899725805
0.1397183814588915,0,0.14706011836013272,0.3163200911034424
0.6085069210277757,1,0.7907491890622826,0.8289502191288782
0.5507968294058885,0,0.26228631234220273,0.46769972767333495
0.6504729675506546,0,0.2943107002120176,0.5779838985368425
0.652888461183177,0,0.16705124704843843,0.5488726471886004
0.23813527002272594,1,0.7421267364759643,0.8221839931105321
0.539206800395319,1,0.4870358335979183,0.6599788945051382
0.8294128062825125,1,0.7123357949779582,0.8917674407438257
0.41634080935313594,0,0.5819124183789084,0.3106190863598539
0.2796469820206481,1,0.737402788409683,0.6276647443080391
0.5270859912196408,1,0.6073714681645436,0.6647720403381597
0.4084896829114591,0,0.26545806710325187,0.3704667089889261
0.7002030581606961,1,0.7652356079617072,0.5636319506174605
0.27512360907759636,1,0.8257614959936143,0.7022018722562364
0.5630351043210419,0,0.3102568138479021,0.4787448035703539
0.3782196128599585,0,0.3595882075173492,0.3328120173138226
0.18062200330399045,0,0.3626954907783348,0.4489243768363427
0.6421517769077519,1,0.648638532732749,0.7742183462661231
0.6566014836680519,0,0.2915233428697124,0.49621627946199576
0.6979078725376815,1,0.8844713970376717,0.8925667951546531
0.4656145043819866,1,0.8456183302929074,0.70028212592792
0.43291129431706754,0,0.3687393224186668,0.5622592883937566
0.5496912727137995,0,0.419345937225218,0.4143732098711503
0.4696959791313157,0,0.290497520752037,0.35258202698428764
0.6172980636280706,0,0.4558830344752539,0.47772493700472546
0.19048214516679493,0,0.39708866998833287,0.4798167133753387
0.7434636331229647,1,0.8127113519990009,0.7557947023106187
0.6513357007762985,1,0.7899753687566315,0.8003247088533121
0.7320224353310453,1,0.5956661965260406,0.8055379935025968
0.5641369819689843,1,0.6701861657569949,0.7179786887806109
0.6163392303587388,1,0.8218981294891246,0.6919181020920784
0.40139482553838823,0,0.3845993780855358,0.6981831584326811
0.20053893058457456,1,0.761410335082065,0.36475892478418287
0.8371405713367257,1,0.5879521172807695,0.893131186821344
0.43955830229535964,0,0.3425198410694491,0.19255063070608644
0.7617648978773967,1,0.9244757693414851,0.9530299040027335
0.6390304355042847,0,0.09330736185528306,0.6269644049262166
0.7598676583315777,1,0.78720354172114,0.7636852331060734
0.6057023331256193,1,0.6449209995362315,0.757408729571274
0.5062981176681991,1,0.893699270166655,0.520719155783135
0.4752836017208582,0,0.06308001449315416,0.39237358879086015
0.5106884084569825,0,0.3481321482495909,0.3566087407008919
0.3615360153186554,0,0.28934394735731017,0.5819741219755341
0.443709542192536,1,0.5847301269727113,0.6483161488096578
0.19099862017482822,0,0.2436046615589323,0.3757321584592496
0.36061855221670713,0,0.15735442418842013,0.2711368451581259
0.20541696606857737,1,0.6854851489108883,0.49169799455841484
0.22875891703509857,0,0.2937466264549073,0.19293155738017195
0.7725442183759436,1,0.7412606287902637,0.7701734422043259
0.20419713347798654,0,0.4140145648828997,0.23423504791333866
0.4410207634245321,0,0.34530176439486815,0.334438132062944
0.7611577588679739,0,0.2590352035000085,0.547194568276825
0.4894940776576353,0,0.40430862790546995,0.49108817587574166
0.3355658252857526,0,0.33373320260657774,0.24954150541584388
0.28011411645064577,1,0.5385986464934415,0.5299455313756469
0.9033459648716876,1,0.6332107879091069,0.8015550237841124
0.8384491788609099,0,0.13858040376189967,0.4480887374337799
0.41086634647527565,0,0.3173256569270138,0.33999651906011835
0.44475655092497457,0,0.26041389750563926,0.36321614865351803
0.34296654412480054,1,0.6612373816196331,0.764622011714394
0.5036852085436107,0,0.24551106647156595,0.5363905083077347
0.4430475317767168,0,0.19481882171249648,0.33094737322260276
0.4412898604136103,1,0.6948986079175885,0.4397196234648117
0.5596369879723612,0,0.156291568629156,0.5025526371260559
0.3804865808948788,0,0.4296380781412435,0.3060954709544923
0.5713703014337087,1,0.5276634549183754,0.5886802961448752
0.7342507608043365,1,0.7182750730649727,0.8554082347444394
0.24450928946978648,0,0.45545109319096394,0.2160122457019617
0.7836346396153606,1,0.8376363698844729,0.9644150824767582
0.52893647635341,0,0.5448886526224719,0.5008269135731312
0.43117699954601746,0,0.25874577094237994,0.6356638243709202
0.3571919074670353,1,0.6048951551943241,0.7854137274002582
0.7003418803540569,1,0.7525339001568397,0.4766537231930988
0.5560053913858435,1,0.6149594383456103,0.5484142510762546
0.29852138782429716,0,0.3821250057250723,0.5155810762139014
0.11725707247258482,0,0.38425407414500495,0.34586494576041193
0.30527590225075774,1,0.6595052949788306,0.5516190476532997
0.5052843068355556,0,0.3033969219772197,0.2082516518353955
0.4478424848515743,1,0.5350107369595297,0.49776435099233557
0.5347465880001743,0,0.5584098577819658,0.2643846314491658
0.5500779325380208,1,0.8568280056194252,0.8249202242251459
0.3174547977220131,1,0.7787035750060722,0.6339123595582054
0.48742951644647925,1,0.6344817017402377,0.3312233829858992
0.4415696470258376,1,0.7970050804558829,0.647635760343003
0.5601871148851933,0,0.451084605093335,0.47658907720524024
0.6783997138468963,1,0.8679383075865794,0.8711771431050228
0.2795074406921685,0,0.3173843702924971,0.2857050533728482
0.4613659489848022,1,0.8458842071265193,0.6842034523047303
0.4086718011672112,1,0.9154614189246428,0.6114117138002962
0.5945459089040789,1,0.3969733213597849,0.8678855588518205
0.5783261669682335,1,0.7294766823953962,0.8801066475818627
0.38372036413144184,1,0.9094497198751605,0.6554493518758374
0.5019217649519122,0,0.15107924291294014,0.568587828314965
0.5697963526171582,1,0.5116257854700436,0.7990283857548286
0.37456802184448107,0,0.1970019846867076,0.19046160877805218
0.5711574629370263,1,0.677298592647558,0.6351191782663527
0.20274007768485794,0,0.46477203208440876,0.06166807919181293
0.7877647889417174,1,0.7801257718248046,0.8046717959313809
0.6068687673238863,0,0.48622721603264923,0.38146914535752346
0.5376539224799689,1,0.653458628004505,0.8993745052080503
0.5252502116094512,1,0.8097179888134386,0.6348216343854926
0.6292639059613198,1,0.7620009417821068,0.8843343779575883
0.49936050270542104,1,0.6508155809305717,0.6364195597995256
0.4018715988523246,0,0.23292775565875373,0.13506842610830352
0.256744302842793,0,0.4282952327897646,0.39905481294470124
0.5089410710288407,1,0.5776127015644805,0.5945268914681255
0.3938532181011618,0,0.18445595086187436,0.24800290157797752
0.7076733901722647,0,0.23749569208108903,0.5754002206276726
0.9455480565949181,1,0.691942268189418,0.8715128982333314
0.4278415506807871,1,0.7510637950779564,0.42971940288667065
0.3513854751907087,0,0.4050027945942294,0.32966449419775384
0.19229717778899502,0,0.32331064011432503,0.07913232012436157
0.313227447333246,0,0.41053367583833206,0.2501622888666611
0.5057872359259704,0,0.19309551714699408,0.24400908970955112
0.5418560945928287,0,0.2632760202948794,0.49979049869826125
0.44012489884149125,1,0.6877740327793435,0.6933653834311693
0.7645057303651317,1,0.5470758257089487,0.8048725913590057
0.14791896621791,0,0.21344549595957957,0.40650352868198714
0.8794406332971662,1,0.7112950969489357,0.7421292042158726
0.4181701587302368,0,0.34878786330902817,0.3132904209857452
0.7352130547753344,1,0.6720943142201753,0.5765979638686719
0.6249816225447974,0,0.3585339012866759,0.43836483889311373
0.7925718523914181,1,0.668817421759933,0.7456604359070317
0.8136886400542808,1,0.7197671488957813,0.7880137700100439
0.7089678797811522,0,0.24422082497143507,0.46681236529479236
0.4280564564165528,0,0.10922042943771693,0.2614426917714072
0.6695948596144415,1,0.5229589025330179,0.7086044850125737
0.3615561709926074,0,0.44935407170945657,0.09372973044552628
0.49777413618570315,1,0.7449145559673132,0.4165118157258425
0.7364984621644756,0,0.325493881050988,0.28492316065745726
0.298055397600155,1,0.5629705420623032,0.5328073959224907
0.276738796976029,1,0.5747998504413585,0.4580994735370969
0.5529199952262348,1,0.5535090738694325,0.5386892932254341
0.8454319994726834,1,0.8145981068235272,0.803122412355288
0.2578806493563386,0,0.29694295040842306,0.12376933012581716
0.24434632947151497,0,0.3323117782733944,0.3436796033817588
0.7161847748206471,1,0.873991691293061,0.8033157015166792
0.18628483191997688,0,0.2303460846868015,0.5245767521848433
0.18895995502556628,1,0.6894221044551325,0.5317448129375617
0.5839929500599716,1,0.7066318790864454,0.7982524721492867
0.7698425779062905,1,0.6597001708175431,0.5588881912194915
0.4329047685076414,1,0.5553955872457609,0.7420871466014105
0.34626353843039565,0,0.469803887211572,0.35634240121424166
0.725064675178485,1,0.6634779486809286,0.6141787539203513
0.7044877611802622,0,0.1529343443497762,0.5305723956144649
0.5378780799622912,0,0.2805252074451373,0.6131307211732195
0.6283669494274801,1,0.683440749222445,0.9307428811806978
0.33776752846385666,0,0.424396144575112,0.37230843469102815
0.5688892999096695,1,0.4998755702126,0.6398121956618725
0.5517479155008298,0,0.2033278052368864,0.6932249814285082
0.5129948741396575,1,0.8739075240037566,0.7313827892133326
0.3766409257044895,0,0.13990286078552933,0.35022673504966073
0.7831708340195866,1,0.788502504913114,0.7805764815625513
0.6845220483367207,1,0.48796159495368413,0.6277644478676581
0.21041723573612617,0,0.13121550352395095,0.2777107705924408
0.5243052010562226,0,0.13681359995478024,0.5190372252306025
0.29863419740885067,1,0.6177132867323439,0.356152351395051
0.4154758882170678,0,0.4248066789166227,0.27552962044914436
0.4349874591938146,1,0.43149588143144546,0.5547510394394674
0.4622239349280065,1,0.6497847764288123,0.7348270509130105
0.43418942939657235,0,0.2843843248083119,0.26362591516484263
0.583682674172333,1,0.8139963050873796,0.7647513185943746
0.17786244744961058,0,0.25178412186342775,0.28205349060913354
0.3388634605771537,0,0.31807455001638263,0.22650671006190667
0.5903180548339829,1,0.8269130998700278,0.8378617504990289
0.6050313931019776,0,0.4322915678034566,0.36509504631180306
0.6276113712063068,1,0.623636328210895,0.7333400567619611
0.571033248524235,0,0.07037542283495204,0.4968557698735573
0.6428556617888007,0,0.41258284909909054,0.4391660483196884
0.6143127351475443,0,0.27652420852779847,0.48496892286965665
0.24857720039492046,1,0.676520712030263,0.4588435858359549
0.7796339925922912,1,0.7321516751861377,0.6340943784527472
0.622121153317256,0,0.1627133890477405,0.36889814491788386
0.683982537015983,1,0.7768982788875392,0.6667496897822746
0.43904075805774634,1,0.7882906222061322,0.6232878736260459
0.3033329740005962,0,0.2585128967297333,0.39659912456272584
0.31643578122424626,0,0.340948185938769,0.6961270699098351
0.23014669692933482,0,0.17679026897441252,0.3540688338631799
0.6837672875241453,1,0.8285900898071283,0.7253761017201518
0.44522540063458727,1,0.7186569643231873,0.5566209757687712
0.5335756662100564,0,0.27729831694494483,0.47286329920172954
0.7139208175455718,1,0.765564461191757,0.8822221805078432
0.6953635163959283,1,0.9711654598568882,0.5970106892489009
0.38082678415807386,0,0.24570276442876804,0.23067634558295827
0.09631304111546655,0,0.41096126075565165,0.28149048754227496
0.4439366740705543,0,0.4115759848125679,0.30667429773675126
0.6690298919276516,0,0.3992177587916016,0.3263591610858146
0.7153527111370678,1,0.6347014505763664,0.7618641124344583
0.550392492205409,0,0.32212281794405667,0.5026781732224165
0.22600674719500732,0,0.0377984355579421,0.33274959854291863
0.789059377264644,0,0.3840965506389548,0.33740258176822235
0.8470141242072453,1,0.7082360107113649,0.784499263711021
0.6238758867489449,1,0.6982787271391202,0.7806843268310227
0.1621425624264616,0,0.5005656324307531,0.2767432579401969
0.6569330065764195,1,0.7297161711680521,0.7822058181919495
0.6184542106837414,1,0.6673701959659927,0.6938276494904888
0.8054704044142876,1,0.7037094945057849,0.7004198666926034
0.4580981339189281,0,0.37929453856646084,0.246124528001933
0.583117294611678,0,0.2800227637877505,0.5192655988635095
0.4254269378060566,0,0.3140191076893877,0.4679132145603687
0.7923538461777301,1,0.7874169456193756,0.8033346414442539
0.401845498030749,1,0.7735190500285987,0.5959633974839097
0.36116889587117185,0,0.43373428285463705,0.18988198405489415
0.39198008817789265,0,0.27202499264595786,0.42219783535165567
0.629516448117527,1,0.6345497020094797,0.6836491071965908
0.7779008874880236,1,0.5663833090679138,0.7365762498105412
0.47613573102719614,0,0.1586759633170358,0.2347011034397835
0.4921745739404661,0,0.16888903254523988,0.5845869880136924
0.4394349555257562,0,0.24039578100384032,0.1688389653403378
0.3227712174767153,1,0.8627531273900994,0.6387577199544641
0.5143779434133916,1,0.6112955006683708,0.5055899691938818
0.5040986913225268,1,0.8090198278451082,0.6529332985258748
0.5481153921511855,0,0.4023405946075375,0.22455992870096755
0.42549556890778434,0,0.5270981153788512,0.24528087969490628
0.6537082130555802,1,0.7575703180659857,0.7501858183383137
0.10062479687862022,0,0.42770489809812723,0.36254891247120796
0.613519634442138,1,0.9852984880463509,0.7000419841317703
0.2415466040554749,0,0.16915326525539862,0.4749846541041431
0.6086894493547871,0,0.24630122888720227,0.3615295605210382
0.7488820475604508,1,0.6527221787847743,0.7763749029445468
0.2557327175262304,1,0.6312997577834941,0.4794298478620847
0.6423295600268224,1,0.8049592372827512,0.8484652863835729
0.314329817218322,0,0.1006791880129927,0.28840501716305694
0.416913938083606,1,0.8384409747684447,0.8410969821903717
0.37630783373477006,0,0.3518250398768659,0.2575873687205385
0.5730126790375148,0,0.4790815038515919,0.28243894222554194
0.5074630478529883,1,0.7321690119826969,0.45840244700962895
0.533420471725988,0,0.3551680572629867,0.5391908860988169
0.5638844074649253,1,0.8228618260975179,0.6750553019587326
0.7031682909586154,1,0.5900242131318237,0.8220081172107798
0.49710659500276805,0,0.5789240979114278,0.30395886338999334
0.2768360107539124,0,0.1792016898731825,0.5816320491652422
